Estratégia,Quantidade,Tempo,Comparações
Insere,1000,0.000017,1000
Rebaixa,1000,0.000035,4476
Insere,10000,0.000138,10000
Rebaixa,10000,0.000338,44976
Insere,100000,0.001398,100000
Rebaixa,100000,0.003448,449970
Insere,1000000,0.009587,1000000
Rebaixa,1000000,0.017968,4499964
Insere,10000000,0.073714,10000000
Rebaixa,10000000,0.195610,44999958
Insere,100000000,0.754418,100000000
Rebaixa,100000000,1.982381,449999943
Insere,1000000000,7.643254,1000000000
Rebaixa,1000000000,19.958640,4499999937