Estratégia,Quantidade,Tempo,Comparações
Insere,1000,0.000061,2194
Rebaixa,1000,0.000039,1247
Insere,10000,0.000633,23050
Rebaixa,10000,0.000405,12357
Insere,100000,0.006262,227317
Rebaixa,100000,0.003865,124369
Insere,1000000,0.032769,2282869
Rebaixa,1000000,0.020448,1243205
Insere,10000000,0.329383,22811313
Rebaixa,10000000,0.219999,12441171
Insere,100000000,3.316891,228148834
Rebaixa,100000000,2.202853,124398788
Insere,1000000000,33.306961,2281495717
Rebaixa,1000000000,22.164049,1244012182