Estratégia,Quantidade,Tempo,Comparações
Insere,1000,0.000169,8987
Rebaixa,1000,0.000010,500
Insere,10000,0.002265,123631
Rebaixa,10000,0.000107,5000
Insere,100000,0.023547,1568946
Rebaixa,100000,0.000569,50000
Insere,1000000,0.188798,18951445
Rebaixa,1000000,0.005900,500000
Insere,10000000,2.419411,223222809
Rebaixa,10000000,0.059553,5000000
Insere,100000000,27.291272,2565782300
Rebaixa,100000000,0.589485,50000000
Insere,1000000000,304.221929,28926258207
Rebaixa,1000000000,5.976014,500000000